AAAAAAAADKJJAGEA,Jerome.Watts@0Uvt3b1Xh.com
AAAAAAAAEKJJAGEA,Willard.Jensen@U2Tie7SBiyqNy.org
AAAAAAAAFKJJAGEA,Richard.Sherrod@0KT4.com
AAAAAAAAGKJJAGEA,Barbara.Shephard@n6bz5OC6ECNBU.edu
AAAAAAAAHKJJAGEA,Deborah.Collazo@zJ2CzkLk.org
AAAAAAAAIKJJAGEA,Lowell.Harris@FTpcassOPQBMQ.edu
AAAAAAAAJKJJAGEA,Dennis.Guillory@T.org
AAAAAAAAKKJJAGEA,Thelma.Hurst@Oe8qaFmh8sn2.org
AAAAAAAALKJJAGEA,Gina.Hutchinson@Nx5qs7ttY.edu
AAAAAAAAMKJJAGEA,Stephen.Day@En6.edu
AAAAAAAANKJJAGEA,Margaret.Hastings@qDPb4vXbiarzG2I.edu
AAAAAAAAOKJJAGEA,Mildred.Thomas@DIQ8xaKnnop.com
AAAAAAAAPKJJAGEA,Ann.Lopez@QLn.org
AAAAAAAAALJJAGEA,James.Pacheco@o0fijZDQ.edu
AAAAAAAABLJJAGEA,Jaimie.Chappell@Hb1O3GrebD.edu
AAAAAAAACLJJAGEA,Rita.Smith@xoDfsY.com
AAAAAAAADLJJAGEA,Paul.Davis@5b7ly.org
AAAAAAAAELJJAGEA,James.Duran@0R7LfmcGAaeSqQbc.org
AAAAAAAAFLJJAGEA,Glenda.Sullivan@Vsu0cKVc1x.com
AAAAAAAAGLJJAGEA,Buford.Baker@GZ8RH8v8p.edu
AAAAAAAAHLJJAGEA,Evelyn.Woodard@cYy.edu
AAAAAAAAILJJAGEA,William.Sneed@LkB.org
AAAAAAAAJLJJAGEA,Justin.Stanford@MThZmbmch4SUqQ.com
AAAAAAAAKLJJAGEA,James.Thompson@XEN.com
AAAAAAAALLJJAGEA,Michael.Lewis@ZsLZrFqkpbXF6Xi.com
AAAAAAAAMLJJAGEA,Kenneth.Blake@iARDhu11qzpH.edu
AAAAAAAANLJJAGEA,Scott.Norris@mkYuuhRSSr.edu
AAAAAAAAOLJJAGEA,Nichole.Carter@yPo8v1IKXTOS4tcmHdf.com
AAAAAAAAPLJJAGEA,Christopher.Baker@Ez4IKnP5.edu
AAAAAAAAAMJJAGEA,Sara.Hayes@vHfV9rR3KUHDaJ.org
AAAAAAAABMJJAGEA,Mitchell.Wilson@SOlzPd1BbV0GJ.com
AAAAAAAACMJJAGEA,Dennis.Naranjo@eFq0OlkyjO.com
AAAAAAAADMJJAGEA,Jeffrey.Fields@4iI1lHbpIgAXEkgIGXO.edu
AAAAAAAAEMJJAGEA,Bob.Hardy@b.com
AAAAAAAAFMJJAGEA,Ann.Ford@ZoKGTZURZHGOj.edu
AAAAAAAAGMJJAGEA,Dana.Hill@i.edu
AAAAAAAAHMJJAGEA,John.Bell@7i0B.org
AAAAAAAAIMJJAGEA,Shawna.Mendez@HTuc71aTRtLSYLj.edu
AAAAAAAAJMJJAGEA,Robert.Jackson@8CcnnTOoDZRtLrV.com
AAAAAAAAKMJJAGEA,Tyler.Manning@gPJ1sUSXHz62dJ.org
AAAAAAAALMJJAGEA,Catherine.Armstrong@AEUKLn.edu
AAAAAAAAMMJJAGEA,Ruth.Drew@XoLH6AXUUkE.com
AAAAAAAANMJJAGEA,Ashley.Miller@Z8CHXk1Gpi7.com
AAAAAAAAOMJJAGEA,Edna.Benson@EC8gHQ.com
AAAAAAAAPMJJAGEA,Humberto.Peterson@baulI8fICyGl.com
AAAAAAAAANJJAGEA,Thomas.Mead@bo7uCMje.com
AAAAAAAABNJJAGEA,Joyce.Tate@prb.com
AAAAAAAACNJJAGEA,Annette.Mclaurin@cr1E6Di.com
AAAAAAAADNJJAGEA,Robert.Summers@J4.com
AAAAAAAAENJJAGEA,Brian.Orozco@kt6uXqxBjrEJf.com
AAAAAAAAFNJJAGEA,Kendall.Faulkner@6r.edu
AAAAAAAAGNJJAGEA,Dong.Yu@OqTluSV45dlG395HkE.edu
AAAAAAAAHNJJAGEA,Wendy.Austin@49pdHrb.edu
AAAAAAAAINJJAGEA,Robert.Wadsworth@fBL.edu
AAAAAAAAJNJJAGEA,Elizabeth.Post@7cJSBH.org
AAAAAAAAKNJJAGEA,Cheri.Marshall@zAG7unQzrYP.edu
AAAAAAAALNJJAGEA,Gregory.Arnold@Catv4I1ez.org
AAAAAAAAMNJJAGEA,Jesse.Barry@EblKDi7Gab2QONQ.org
AAAAAAAANNJJAGEA,Helen.Simms@BxALXMrRcQCAtJ5kze.com
AAAAAAAAONJJAGEA,Darlene.Aguilar@Seg.org
AAAAAAAAPNJJAGEA,Christa.Gunter@VMua74T6PmdCVb5Ff.org
AAAAAAAAAOJJAGEA,Nelson.Gonzales@91RgJ7J8arvbSHqF7uF.com
AAAAAAAABOJJAGEA,Joseph.Russell@7NDoxyXDxM.org
AAAAAAAACOJJAGEA,Agnes.Will@fmf95PQCg619j.edu
AAAAAAAADOJJAGEA,Debra.Jones@XSZ2CReVzJ5Yfl8I.edu
AAAAAAAAEOJJAGEA,Melissa.Johnson@vNi9rp6oi.com
AAAAAAAAFOJJAGEA,Becky.Maxwell@4fpngyml.org
AAAAAAAAHOJJAGEA,Brenda.Smith@oo.com
AAAAAAAAIOJJAGEA,Santiago.Lewis@tJhCRlFNkVd4zSOxd.org
AAAAAAAAJOJJAGEA,Eric.Schuler@txyuJ5ZRXFgH.edu
AAAAAAAAKOJJAGEA,Alvin.Parrish@x6EydByG7M7aXbdXS.org
AAAAAAAALOJJAGEA,Deanna.Woodward@5q8Zx2ZPJHc3o3m0.edu
AAAAAAAAMOJJAGEA,Dale.Moore@A680vokqXuqLTaMU.com
AAAAAAAANOJJAGEA,Glenda.Ponder@C.org
AAAAAAAAOOJJAGEA,Eleanor.Garner@cRbidot6EQ.org
AAAAAAAAPOJJAGEA,Anthony.Neff@rlCUcx3RFcc.org
AAAAAAAAAPJJAGEA,David.Moore@vIdII24qO.com
AAAAAAAABPJJAGEA,Sandra.Clark@S9EFNBGeY.edu
AAAAAAAACPJJAGEA,Krystal.Reed@6nC8EOAuzN0.com
AAAAAAAADPJJAGEA,Ethel.Frank@VA1S9ez9e2m39XG2.com
AAAAAAAAFPJJAGEA,Linda.Slaughter@OElXLfbDLZu1V1Fp.com
AAAAAAAAGPJJAGEA,Patsy.Hernandez@UZHAEc6M.org
AAAAAAAAHPJJAGEA,Marni.Horst@zeJvJy2R7h.org
AAAAAAAAIPJJAGEA,Ronald.Bellamy@xsFUNgqqQzb.com
AAAAAAAAJPJJAGEA,David.Knight@2p23J21bcgai52Zib9.edu
AAAAAAAAKPJJAGEA,Don.Cobb@gJ7FGu76.edu
AAAAAAAALPJJAGEA,Howard.Russell@Tb.org
AAAAAAAAMPJJAGEA,John.Myles@56.org
AAAAAAAANPJJAGEA,Annie.Davenport@xf6z3vk3GXJ.edu
AAAAAAAAOPJJAGEA,Damien.Hicks@NMMpQT9TvkSjIQCBe.com
AAAAAAAAPPJJAGEA,Joyce.Daily@Ep3.org
AAAAAAAAAAKJAGEA,Mildred.Barnes@xDdba80rG5jYQSfcd.org
AAAAAAAABAKJAGEA,Krista.Villarreal@4dby.org
AAAAAAAACAKJAGEA,Deborah.Maynard@zGEZVeOaa87j.edu
AAAAAAAADAKJAGEA,Randall.Bello@O.com
AAAAAAAAEAKJAGEA,Carolyn.Sims@R9xcdS0.edu
AAAAAAAAFAKJAGEA,Rachel.Sullivan@Iai8rDxnthQ.edu
AAAAAAAAGAKJAGEA,Sharon.Wilson@16KvHqVbM.com
